farenheit ;kelvin
-30;-34.4444
-20;-28.8889
-10;-23.3333
-5;-20.5556
0;-17.7778
5;-15
10;-12.2222
20;-6.66667
30;-1.11111
